DATE,High,Low,Open,Close,Volume,Adj Close,year,month,buy,sell
2016-08-01 00:00:00,18467.0293,18355.75,18434.5,18404.50977,83470000,18404.50977,2016,8,1,0
2016-08-02 00:00:00,18403.65039,18247.78906,18401.15039,18313.76953,89680000,18313.76953,2016,8,0,0
2016-08-03 00:00:00,18355,18283.23047,18313.08008,18355,78550000,18355,2016,8,0,0
2016-08-04 00:00:00,18397.86914,18325.16992,18351.42969,18352.05078,64500000,18352.05078,2016,8,0,0
2016-08-05 00:00:00,18543.5293,18402.80078,18402.80078,18543.5293,92420000,18543.5293,2016,8,0,0
2016-08-08 00:00:00,18569.31055,18502.0293,18541.89063,18529.28906,71810000,18529.28906,2016,8,0,0
2016-08-09 00:00:00,18585.32031,18507.75,18538.05078,18533.05078,60090000,18533.05078,2016,8,0,0
2016-08-10 00:00:00,18561.75,18468.7793,18541.48047,18495.66016,62780000,18495.66016,2016,8,0,0
2016-08-11 00:00:00,18638.33984,18519.08008,18519.08008,18613.51953,71470000,18613.51953,2016,8,0,0
2016-08-12 00:00:00,18606.06055,18535.85938,18595.65039,18576.4707,61580000,18576.4707,2016,8,0,0
2016-08-15 00:00:00,18722.60938,18559.92969,18588.58984,18636.05078,62350000,18636.05078,2016,8,0,0
2016-08-16 00:00:00,18614.85938,18550.65039,18614.48047,18552.01953,67570000,18552.01953,2016,8,0,0
2016-08-17 00:00:00,18582.34961,18468.67969,18537.08984,18573.93945,71000000,18573.93945,2016,8,0,0
2016-08-18 00:00:00,18600.82031,18533.28906,18566.53906,18597.69922,70740000,18597.69922,2016,8,0,0
2016-08-19 00:00:00,18585.16992,18491.24023,18585.16992,18552.57031,93170000,18552.57031,2016,8,0,0
2016-08-22 00:00:00,18570.91992,18466.85938,18535.85938,18529.41992,73450000,18529.41992,2016,8,0,0
2016-08-23 00:00:00,18631.59961,18545.51953,18568.93945,18547.30078,73990000,18547.30078,2016,8,0,0
2016-08-24 00:00:00,18539.15039,18448.26953,18537.5,18481.48047,72270000,18481.48047,2016,8,0,0
2016-08-25 00:00:00,18497.67969,18431.46094,18471.21094,18448.41016,64480000,18448.41016,2016,8,0,0
2016-08-26 00:00:00,18572.08984,18335.33984,18467.91992,18395.40039,78730000,18395.40039,2016,8,0,0
2016-08-29 00:00:00,18523.08984,18419.91992,18421.28906,18502.99023,64480000,18502.99023,2016,8,0,0
2016-08-30 00:00:00,18514.28906,18408.51953,18491.2793,18454.30078,68920000,18454.30078,2016,8,0,0
2016-08-31 00:00:00,18439.67969,18333.56055,18436.69922,18400.88086,98250000,18400.88086,2016,8,0,1
2016-09-01 00:00:00,18430.05078,18295.48047,18396.57031,18419.30078,74780000,18419.30078,2016,9,1,0
2016-09-02 00:00:00,18544.75977,18439.09961,18466.00977,18491.96094,74350000,18491.96094,2016,9,0,0
2016-09-06 00:00:00,18551.53906,18450.32031,18493.40039,18538.11914,83710000,18538.11914,2016,9,0,0
2016-09-07 00:00:00,18536.89063,18474.76953,18527.71094,18526.14063,67570000,18526.14063,2016,9,0,0
2016-09-08 00:00:00,18506.24023,18446.68945,18486.68945,18479.91016,79060000,18479.91016,2016,9,0,0
2016-09-09 00:00:00,18404.16992,18085.44922,18404.16992,18085.44922,120670000,18085.44922,2016,9,0,0
2016-09-12 00:00:00,18358.68945,17994.83984,18028.94922,18325.07031,103260000,18325.07031,2016,9,0,0
2016-09-13 00:00:00,18262.99023,18028.06055,18262.99023,18066.75,102830000,18066.75,2016,9,0,0
2016-09-14 00:00:00,18163.48047,17992.21094,18073.39063,18034.76953,103360000,18034.76953,2016,9,0,0
2016-09-15 00:00:00,18250.10938,18015.49023,18024.91016,18212.48047,99550000,18212.48047,2016,9,0,0
2016-09-16 00:00:00,18217.21094,18070.21094,18217.21094,18123.80078,278510000,18123.80078,2016,9,0,0
2016-09-19 00:00:00,18254.88086,18093.05078,18154.82031,18120.16992,78090000,18120.16992,2016,9,0,0
2016-09-20 00:00:00,18227.21094,18128.80078,18175.35938,18129.96094,72450000,18129.96094,2016,9,0,0
2016-09-21 00:00:00,18307.42969,18121.57031,18164.96094,18293.69922,94090000,18293.69922,2016,9,0,0
2016-09-22 00:00:00,18449.88086,18343.75977,18343.75977,18392.46094,73030000,18392.46094,2016,9,0,0
2016-09-23 00:00:00,18383.75977,18254.83984,18377.35938,18261.44922,87170000,18261.44922,2016,9,0,0
2016-09-26 00:00:00,18217.75977,18083.32031,18217.75977,18094.83008,95510000,18094.83008,2016,9,0,0
2016-09-27 00:00:00,18238.09961,18052.16016,18099.21094,18228.30078,84130000,18228.30078,2016,9,0,0
2016-09-28 00:00:00,18349.85938,18179.33984,18240.2207,18339.24023,97650000,18339.24023,2016,9,0,0
2016-09-29 00:00:00,18366.23047,18091.64063,18322.88086,18143.44922,95880000,18143.44922,2016,9,0,0
2016-09-30 00:00:00,18369.61914,18181.80078,18181.80078,18308.15039,135470000,18308.15039,2016,9,0,1
2016-10-03 00:00:00,18279.80078,18203.75,18279.59961,18253.84961,68520000,18253.84961,2016,10,1,0
2016-10-04 00:00:00,18313.76953,18116.25977,18267.67969,18168.44922,79710000,18168.44922,2016,10,0,0
2016-10-05 00:00:00,18315.82031,18205.5,18205.5,18281.0293,76190000,18281.0293,2016,10,0,0
2016-10-06 00:00:00,18288.11914,18162.9707,18280.41992,18268.5,78660000,18268.5,2016,10,0,0
2016-10-07 00:00:00,18319.73047,18149.34961,18295.34961,18240.49023,82680000,18240.49023,2016,10,0,0
2016-10-10 00:00:00,18399.96094,18282.94922,18282.94922,18329.03906,72110000,18329.03906,2016,10,0,0
2016-10-11 00:00:00,18312.33008,18061.96094,18308.42969,18128.66016,88610000,18128.66016,2016,10,0,0
2016-10-12 00:00:00,18193.96094,18082.08984,18132.63086,18144.19922,72230000,18144.19922,2016,10,0,0
2016-10-13 00:00:00,18137.69922,17959.94922,18088.32031,18098.93945,83160000,18098.93945,2016,10,0,0
2016-10-14 00:00:00,18261.10938,18138.38086,18177.34961,18138.38086,87050000,18138.38086,2016,10,0,0
2016-10-17 00:00:00,18162.2793,18063.01953,18135.84961,18086.40039,75960000,18086.40039,2016,10,0,0
2016-10-18 00:00:00,18225.80078,18129.44922,18145.06055,18161.93945,74600000,18161.93945,2016,10,0,0
2016-10-19 00:00:00,18252.19922,18169.25,18178.21094,18202.61914,88040000,18202.61914,2016,10,0,0
2016-10-20 00:00:00,18249.05078,18129.07031,18161.86914,18162.34961,88830000,18162.34961,2016,10,0,0
2016-10-21 00:00:00,18168.75977,18049.76953,18152.63086,18145.71094,117810000,18145.71094,2016,10,0,0
2016-10-24 00:00:00,18275.03906,18191.17969,18197.14063,18223.0293,88540000,18223.0293,2016,10,0,0
2016-10-25 00:00:00,18241.68945,18151.69922,18206.51953,18169.26953,83190000,18169.26953,2016,10,0,0
2016-10-26 00:00:00,18236.03906,18062.30078,18103.80078,18199.33008,86340000,18199.33008,2016,10,0,0
2016-10-27 00:00:00,18253.19922,18149.19922,18234.81055,18169.67969,83530000,18169.67969,2016,10,0,0
2016-10-28 00:00:00,18257.06055,18094.9707,18193.78906,18161.18945,107850000,18161.18945,2016,10,0,0
2016-10-31 00:00:00,18193.67969,18130.58008,18176.59961,18142.41992,110080000,18142.41992,2016,10,0,1
2016-11-01 00:00:00,18177.00977,17940.83984,18158.24023,18037.09961,101280000,18037.09961,2016,11,1,0
2016-11-02 00:00:00,18044.15039,17931.89063,18017.7207,17959.64063,88610000,17959.64063,2016,11,0,0
2016-11-03 00:00:00,18006.96094,17904.07031,17978.75,17930.66992,77860000,17930.66992,2016,11,0,0
2016-11-04 00:00:00,17986.75977,17883.56055,17928.34961,17888.2793,97760000,17888.2793,2016,11,0,0
2016-11-07 00:00:00,18263.30078,17994.64063,17994.64063,18259.59961,93450000,18259.59961,2016,11,0,0
2016-11-08 00:00:00,18400.5,18200.75,18251.38086,18332.74023,79820000,18332.74023,2016,11,0,0
2016-11-09 00:00:00,18650.06055,18252.55078,18317.25977,18589.68945,173110000,18589.68945,2016,11,0,0
2016-11-10 00:00:00,18873.66016,18603.14063,18603.14063,18807.88086,164390000,18807.88086,2016,11,0,0
2016-11-11 00:00:00,18855.7793,18736.96094,18781.65039,18847.66016,107300000,18847.66016,2016,11,0,0
2016-11-14 00:00:00,18934.05078,18815.75,18876.76953,18868.68945,112250000,18868.68945,2016,11,0,0
2016-11-15 00:00:00,18925.25977,18806.06055,18858.21094,18923.06055,100660000,18923.06055,2016,11,0,0
2016-11-16 00:00:00,18909.84961,18825.89063,18909.84961,18868.14063,87320000,18868.14063,2016,11,0,0
2016-11-17 00:00:00,18904.0293,18845.26953,18866.2207,18903.82031,89940000,18903.82031,2016,11,0,0
2016-11-18 00:00:00,18915.74023,18853.83008,18905.33008,18867.92969,109880000,18867.92969,2016,11,0,0
2016-11-21 00:00:00,18960.75977,18883.09961,18898.67969,18956.68945,80520000,18956.68945,2016,11,0,0
2016-11-22 00:00:00,19043.90039,18962.82031,18970.39063,19023.86914,85310000,19023.86914,2016,11,0,0
2016-11-23 00:00:00,19083.75977,19000.38086,19015.51953,19083.17969,77880000,19083.17969,2016,11,0,0
2016-11-25 00:00:00,19152.14063,19093.7207,19093.7207,19152.14063,45890000,19152.14063,2016,11,0,0
2016-11-28 00:00:00,19138.7207,19072.25,19122.14063,19097.90039,88460000,19097.90039,2016,11,0,0
2016-11-29 00:00:00,19144.40039,19062.2207,19064.07031,19121.59961,81510000,19121.59961,2016,11,0,0
2016-11-30 00:00:00,19225.28906,19123.38086,19135.64063,19123.58008,164570000,19123.58008,2016,11,0,1
2016-12-01 00:00:00,19214.30078,19138.78906,19149.19922,19191.92969,108800000,19191.92969,2016,12,1,0
2016-12-02 00:00:00,19196.14063,19141.17969,19161.25,19170.41992,84920000,19170.41992,2016,12,0,0
2016-12-05 00:00:00,19274.84961,19186.73047,19244.34961,19216.24023,317800000,19216.24023,2016,12,0,0
2016-12-06 00:00:00,19255.89063,19184.74023,19219.91016,19251.7793,284960000,19251.7793,2016,12,0,0
2016-12-07 00:00:00,19558.41992,19229.83008,19241.99023,19549.61914,385200000,19549.61914,2016,12,0,0
2016-12-08 00:00:00,19664.9707,19527.83008,19559.93945,19614.81055,324570000,19614.81055,2016,12,0,0
2016-12-09 00:00:00,19757.74023,19623.18945,19631.34961,19756.84961,334470000,19756.84961,2016,12,0,0
2016-12-12 00:00:00,19824.58984,19747.74023,19770.19922,19796.42969,333660000,19796.42969,2016,12,0,0
2016-12-13 00:00:00,19953.75,19846.44922,19852.21094,19911.21094,388420000,19911.21094,2016,12,0,0
2016-12-14 00:00:00,19966.42969,19748.66992,19876.13086,19792.5293,408430000,19792.5293,2016,12,0,0
2016-12-15 00:00:00,19951.28906,19811.5,19811.5,19852.24023,357350000,19852.24023,2016,12,0,0
2016-12-16 00:00:00,19923.16992,19821,19909.00977,19843.41016,573470000,19843.41016,2016,12,0,0
2016-12-19 00:00:00,19917.7793,19832.94922,19836.66016,19883.06055,302310000,19883.06055,2016,12,0,0
2016-12-20 00:00:00,19987.63086,19920.41992,19920.58984,19974.61914,284080000,19974.61914,2016,12,0,0
2016-12-21 00:00:00,19986.56055,19941.96094,19968.9707,19941.96094,256640000,19941.96094,2016,12,0,0
2016-12-22 00:00:00,19933.83008,19882.18945,19922.67969,19918.88086,258290000,19918.88086,2016,12,0,0
2016-12-23 00:00:00,19934.15039,19899.06055,19908.60938,19933.81055,158260000,19933.81055,2016,12,0,0
2016-12-27 00:00:00,19980.24023,19939.80078,19943.46094,19945.03906,158540000,19945.03906,2016,12,0,0
2016-12-28 00:00:00,19981.10938,19827.31055,19964.31055,19833.67969,188350000,19833.67969,2016,12,0,0
2016-12-29 00:00:00,19878.43945,19788.93945,19835.46094,19819.7793,172040000,19819.7793,2016,12,0,0
2016-12-30 00:00:00,19852.55078,19718.66992,19833.16992,19762.59961,271910000,19762.59961,2016,12,0,1
2017-01-03 00:00:00,19938.5293,19775.92969,19872.85938,19881.75977,339180000,19881.75977,2017,1,1,0
2017-01-04 00:00:00,19956.14063,19878.83008,19890.93945,19942.16016,280010000,19942.16016,2017,1,0,0
2017-01-05 00:00:00,19948.59961,19811.11914,19924.56055,19899.28906,269920000,19899.28906,2017,1,0,0
2017-01-06 00:00:00,19999.63086,19834.08008,19906.96094,19963.80078,277700000,19963.80078,2017,1,0,0
2017-01-09 00:00:00,19943.7793,19887.38086,19931.41016,19887.38086,287510000,19887.38086,2017,1,0,0
2017-01-10 00:00:00,19957.11914,19836.0293,19876.34961,19855.5293,299410000,19855.5293,2017,1,0,0
2017-01-11 00:00:00,19973.41992,19833.16016,19887.38086,19954.2793,336150000,19954.2793,2017,1,0,0
2017-01-12 00:00:00,19929.28906,19770.4707,19926.21094,19891,306290000,19891,2017,1,0,0
2017-01-13 00:00:00,19952.0293,19849.38086,19912.53906,19885.73047,263780000,19885.73047,2017,1,0,0
2017-01-17 00:00:00,19882.99023,19775.34961,19848.82031,19826.76953,341900000,19826.76953,2017,1,0,0
2017-01-18 00:00:00,19828.19922,19739,19822.73047,19804.7207,279760000,19804.7207,2017,1,0,0
2017-01-19 00:00:00,19824.14063,19677.93945,19813.55078,19732.40039,301750000,19732.40039,2017,1,0,0
2017-01-20 00:00:00,19843.93945,19759.14063,19795.06055,19827.25,435260000,19827.25,2017,1,0,0
2017-01-23 00:00:00,19833.98047,19732.35938,19794.78906,19799.84961,326690000,19799.84961,2017,1,0,0
2017-01-24 00:00:00,19949.24023,19786.71094,19794.67969,19912.71094,374460000,19912.71094,2017,1,0,0
2017-01-25 00:00:00,20082,19994.48047,19994.48047,20068.50977,372240000,20068.50977,2017,1,0,0
2017-01-26 00:00:00,20125.58008,20067.5293,20076.25,20100.91016,356730000,20100.91016,2017,1,0,0
2017-01-27 00:00:00,20115.9707,20072.64063,20103.35938,20093.7793,343130000,20093.7793,2017,1,0,0
2017-01-30 00:00:00,20028.61914,19870.39063,20028.61914,19971.13086,317280000,19971.13086,2017,1,0,0
2017-01-31 00:00:00,19918.16992,19784.76953,19913.16016,19864.08984,373750000,19864.08984,2017,1,0,1
2017-02-01 00:00:00,19967.73047,19845.99023,19923.81055,19890.93945,426670000,19890.93945,2017,2,1,0
2017-02-02 00:00:00,19922.75,19831.08984,19858.33984,19884.91016,347220000,19884.91016,2017,2,0,0
2017-02-03 00:00:00,20081.48047,19964.21094,19964.21094,20071.46094,344220000,20071.46094,2017,2,0,0
2017-02-06 00:00:00,20094.94922,20002.81055,20025.60938,20052.41992,281720000,20052.41992,2017,2,0,0
2017-02-07 00:00:00,20155.34961,20068.67969,20107.61914,20090.28906,279670000,20090.28906,2017,2,0,0
2017-02-08 00:00:00,20068.2793,20015.33008,20049.28906,20054.33984,280410000,20054.33984,2017,2,0,0
2017-02-09 00:00:00,20206.35938,20061.73047,20061.73047,20172.40039,325310000,20172.40039,2017,2,0,0
2017-02-10 00:00:00,20298.21094,20204.75977,20211.23047,20269.36914,312230000,20269.36914,2017,2,0,0
2017-02-13 00:00:00,20441.48047,20322.94922,20338.53906,20412.16016,314620000,20412.16016,2017,2,0,0
2017-02-14 00:00:00,20504.41016,20374.01953,20374.2207,20504.41016,356580000,20504.41016,2017,2,0,0
2017-02-15 00:00:00,20620.44922,20496.0293,20504.26953,20611.85938,384380000,20611.85938,2017,2,0,0
2017-02-16 00:00:00,20639.86914,20556.83008,20627.31055,20619.76953,354120000,20619.76953,2017,2,0,0
2017-02-17 00:00:00,20624.05078,20532.60938,20564.13086,20624.05078,340620000,20624.05078,2017,2,0,0
2017-02-21 00:00:00,20757.64063,20663.36914,20663.42969,20743,336880000,20743,2017,2,0,0
2017-02-22 00:00:00,20781.58984,20692.39063,20715.41016,20775.59961,310530000,20775.59961,2017,2,0,0
2017-02-23 00:00:00,20840.69922,20746.41016,20817.21094,20810.32031,302110000,20810.32031,2017,2,0,0
2017-02-24 00:00:00,20821.75977,20733.94922,20751.91016,20821.75977,292540000,20821.75977,2017,2,0,0
2017-02-27 00:00:00,20851.33008,20774.75977,20808.71094,20837.43945,256540000,20837.43945,2017,2,0,0
2017-02-28 00:00:00,20841.24023,20781.21094,20833.88086,20812.24023,339210000,20812.24023,2017,2,0,1
2017-03-01 00:00:00,21169.10938,20957.28906,20957.28906,21115.55078,392820000,21115.55078,2017,3,1,0
2017-03-02 00:00:00,21129.19922,20996.60938,21128.91016,21002.9707,319910000,21002.9707,2017,3,0,0
2017-03-03 00:00:00,21039.96094,20953.85938,21008.75,21005.71094,254420000,21005.71094,2017,3,0,0
2017-03-06 00:00:00,20986.42969,20912.10938,20955.71094,20954.33984,266620000,20954.33984,2017,3,0,0
2017-03-07 00:00:00,20970.53906,20901.25977,20934.89063,20924.75977,274630000,20924.75977,2017,3,0,0
2017-03-08 00:00:00,20951.43945,20835.58008,20940.43945,20855.73047,296780000,20855.73047,2017,3,0,0
2017-03-09 00:00:00,20900.57031,20777.16016,20864.32031,20858.18945,275960000,20858.18945,2017,3,0,0
2017-03-10 00:00:00,20940.28906,20827.66016,20919.00977,20902.98047,315430000,20902.98047,2017,3,0,0
2017-03-13 00:00:00,20926.06055,20845.71094,20899.2793,20881.48047,289260000,20881.48047,2017,3,0,0
2017-03-14 00:00:00,20874,20786.31055,20848.59961,20837.36914,246820000,20837.36914,2017,3,0,0
2017-03-15 00:00:00,20977.4707,20859.59961,20874.7793,20950.09961,306590000,20950.09961,2017,3,0,0
2017-03-16 00:00:00,21000.10938,20893.5,20969.26953,20934.55078,264360000,20934.55078,2017,3,0,0
2017-03-17 00:00:00,20980.50977,20911.07031,20965.36914,20914.61914,535280000,20914.61914,2017,3,0,0
2017-03-20 00:00:00,20955.44922,20885.69922,20916.26953,20905.85938,253610000,20905.85938,2017,3,0,0
2017-03-21 00:00:00,20970.03906,20653.25977,20956.33008,20668.00977,369320000,20668.00977,2017,3,0,0
2017-03-22 00:00:00,20686.21094,20578.94922,20640.41992,20661.30078,325090000,20661.30078,2017,3,0,0
2017-03-23 00:00:00,20757.89063,20618.61914,20645.07031,20656.58008,280050000,20656.58008,2017,3,0,0
2017-03-24 00:00:00,20718.33008,20529.66992,20674.44922,20596.7207,292980000,20596.7207,2017,3,0,0
2017-03-27 00:00:00,20578.46094,20412.80078,20488.34961,20550.98047,269380000,20550.98047,2017,3,0,0
2017-03-28 00:00:00,20735.60938,20520.09961,20542.14063,20701.5,299670000,20701.5,2017,3,0,0
2017-03-29 00:00:00,20684.73047,20625.0293,20675.75,20659.32031,238320000,20659.32031,2017,3,0,0
2017-03-30 00:00:00,20753.7793,20643.59961,20662.78906,20728.49023,270900000,20728.49023,2017,3,0,0
2017-03-31 00:00:00,20722.58984,20660.67969,20700.33984,20663.2207,303770000,20663.2207,2017,3,0,1
2017-04-03 00:00:00,20692.33984,20517.82031,20665.16992,20650.21094,285670000,20650.21094,2017,4,1,0
2017-04-04 00:00:00,20701.28906,20605.30078,20634.93945,20689.24023,237390000,20689.24023,2017,4,0,0
2017-04-05 00:00:00,20887.5,20639.55078,20745.06055,20648.15039,284980000,20648.15039,2017,4,0,0
2017-04-06 00:00:00,20746.46094,20612.16992,20653.76953,20662.94922,251720000,20662.94922,2017,4,0,0
2017-04-07 00:00:00,20726.07031,20606.94922,20647.81055,20656.09961,219730000,20656.09961,2017,4,0,0
2017-04-10 00:00:00,20750.33008,20614.85938,20668.2207,20658.01953,230480000,20658.01953,2017,4,0,0
2017-04-11 00:00:00,20660.0293,20512.56055,20644.32031,20651.30078,255120000,20651.30078,2017,4,0,0
2017-04-12 00:00:00,20642.53906,20553.0293,20637.94922,20591.85938,267670000,20591.85938,2017,4,0,0
2017-04-13 00:00:00,20612.26953,20453.25,20561.68945,20453.25,235810000,20453.25,2017,4,0,0
2017-04-17 00:00:00,20644.41016,20484.75,20484.75,20636.91992,229240000,20636.91992,2017,4,0,0
2017-04-18 00:00:00,20600.11914,20462.2793,20561.39063,20523.2793,263180000,20523.2793,2017,4,0,0
2017-04-19 00:00:00,20546.68945,20379.55078,20503.51953,20404.49023,294790000,20404.49023,2017,4,0,0
2017-04-20 00:00:00,20629.7793,20406.67969,20406.67969,20578.71094,312440000,20578.71094,2017,4,0,0
2017-04-21 00:00:00,20601.40039,20505.33008,20578.09961,20547.75977,369600000,20547.75977,2017,4,0,0
2017-04-24 00:00:00,20792.19922,20723.58984,20723.58984,20763.89063,342400000,20763.89063,2017,4,0,0
2017-04-25 00:00:00,21026.9707,20909.38086,20915.50977,20996.11914,348180000,20996.11914,2017,4,0,0
2017-04-26 00:00:00,21070.90039,20972.26953,21009.94922,20975.08984,328550000,20975.08984,2017,4,0,0
2017-04-27 00:00:00,21005.80078,20935.80078,20991.11914,20981.33008,305690000,20981.33008,2017,4,0,0
2017-04-28 00:00:00,20987.75977,20926.75,20987.39063,20940.50977,329990000,20940.50977,2017,4,0,1
2017-05-01 00:00:00,20976.61914,20898.38086,20962.73047,20913.46094,288160000,20913.46094,2017,5,1,0
2017-05-02 00:00:00,20960.91992,20904.06055,20941.18945,20949.89063,338810000,20949.89063,2017,5,0,0
2017-05-03 00:00:00,20972.74023,20874.17969,20915,20957.90039,310920000,20957.90039,2017,5,0,0
2017-05-04 00:00:00,20990.78906,20847.94922,20987.83008,20951.4707,274720000,20951.4707,2017,5,0,0
2017-05-05 00:00:00,21006.93945,20905,20929.03906,21006.93945,260960000,21006.93945,2017,5,0,0
2017-05-08 00:00:00,21017.89063,20971.05078,20991.25977,21012.2793,276150000,21012.2793,2017,5,0,0
2017-05-09 00:00:00,21046.84961,20938.03906,21022.2793,20975.7793,273000000,20975.7793,2017,5,0,0
2017-05-10 00:00:00,20976.2793,20884.15039,20958.49023,20943.10938,283340000,20943.10938,2017,5,0,0
2017-05-11 00:00:00,20933.35938,20798.90039,20925.7207,20919.41992,287680000,20919.41992,2017,5,0,0
2017-05-12 00:00:00,20916.09961,20869.74023,20893.18945,20896.60938,288500000,20896.60938,2017,5,0,0
2017-05-15 00:00:00,21000.83008,20923.63086,20923.63086,20981.93945,313170000,20981.93945,2017,5,0,0
2017-05-16 00:00:00,21033.5293,20932.88086,20984.48047,20979.75,311580000,20979.75,2017,5,0,0
2017-05-17 00:00:00,20846.16992,20601.08008,20846.16992,20606.92969,423200000,20606.92969,2017,5,0,0
2017-05-18 00:00:00,20759.19922,20553.44922,20579.65039,20663.01953,422590000,20663.01953,2017,5,0,0
2017-05-19 00:00:00,20857.13086,20687.93945,20698.2793,20804.83984,365180000,20804.83984,2017,5,0,0
2017-05-22 00:00:00,20914.25977,20860.16016,20867.76953,20894.83008,276120000,20894.83008,2017,5,0,0
2017-05-23 00:00:00,20961.14063,20896.2207,20908.66992,20937.91016,244950000,20937.91016,2017,5,0,0
2017-05-24 00:00:00,21022.82031,20933.58008,20949.21094,21012.41992,283180000,21012.41992,2017,5,0,0
2017-05-25 00:00:00,21112.32031,21051.41016,21062.96094,21082.94922,268970000,21082.94922,2017,5,0,0
2017-05-26 00:00:00,21092.82031,21050.49023,21070.15039,21080.2793,208000000,21080.2793,2017,5,0,0
2017-05-30 00:00:00,21063.61914,21009.59961,21045.49023,21029.4707,242810000,21029.4707,2017,5,0,0
2017-05-31 00:00:00,21051.69922,20942.57031,21048.46094,21008.65039,371580000,21008.65039,2017,5,0,1
2017-06-01 00:00:00,21144.17969,20994.2207,21030.55078,21144.17969,276730000,21144.17969,2017,6,1,0
2017-06-02 00:00:00,21225.03906,21129.56055,21142.08984,21206.28906,329700000,21206.28906,2017,6,0,0
2017-06-05 00:00:00,21224.41016,21168.68945,21195.0293,21184.03906,269790000,21184.03906,2017,6,0,0
2017-06-06 00:00:00,21180.4707,21118.46094,21145.48047,21136.23047,283550000,21136.23047,2017,6,0,0
2017-06-07 00:00:00,21189.83984,21113.31055,21171.57031,21173.68945,273400000,21173.68945,2017,6,0,0
2017-06-08 00:00:00,21265.68945,21138.16016,21169.75977,21182.5293,330330000,21182.5293,2017,6,0,0
2017-06-09 00:00:00,21305.34961,21159.44922,21208.96094,21271.9707,397200000,21271.9707,2017,6,0,0
2017-06-12 00:00:00,21277.08008,21186.15039,21259.94922,21235.66992,528080000,21235.66992,2017,6,0,0
2017-06-13 00:00:00,21332.76953,21256.83008,21256.83008,21328.4707,323510000,21328.4707,2017,6,0,0
2017-06-14 00:00:00,21391.9707,21294.08984,21342.71094,21374.56055,295090000,21374.56055,2017,6,0,0
2017-06-15 00:00:00,21367.2793,21261.86914,21291.68945,21359.90039,317200000,21359.90039,2017,6,0,0
2017-06-16 00:00:00,21384.41992,21308.00977,21335.92969,21384.2793,603260000,21384.2793,2017,6,0,0
2017-06-19 00:00:00,21528.99023,21436.08008,21444.75,21528.99023,289400000,21528.99023,2017,6,0,0
2017-06-20 00:00:00,21535.0293,21464.24023,21521.25,21467.14063,310200000,21467.14063,2017,6,0,0
2017-06-21 00:00:00,21492.61914,21390,21466.39063,21410.0293,292500000,21410.0293,2017,6,0,0
2017-06-22 00:00:00,21456.4707,21394.81055,21407.98047,21397.28906,270680000,21397.28906,2017,6,0,0
2017-06-23 00:00:00,21421.78906,21333.89063,21380.91992,21394.75977,368400000,21394.75977,2017,6,0,0
2017-06-26 00:00:00,21506.21094,21381.25,21434.67969,21409.55078,241880000,21409.55078,2017,6,0,0
2017-06-27 00:00:00,21440.59961,21310.66016,21411.18945,21310.66016,292170000,21310.66016,2017,6,0,0
2017-06-28 00:00:00,21478.75,21372.35938,21372.35938,21454.60938,271510000,21454.60938,2017,6,0,0
2017-06-29 00:00:00,21487.38086,21197.08008,21487.38086,21287.0293,336750000,21287.0293,2017,6,0,0
2017-06-30 00:00:00,21426.11914,21325.08008,21348.59961,21349.63086,313260000,21349.63086,2017,6,0,1
2017-07-03 00:00:00,21562.75,21391.71094,21392.30078,21479.26953,186810000,21479.26953,2017,7,1,0
2017-07-05 00:00:00,21505.35938,21404.75977,21492.83008,21478.16992,273690000,21478.16992,2017,7,0,0
2017-07-06 00:00:00,21433.09961,21305.38086,21423.92969,21320.03906,320450000,21320.03906,2017,7,0,0
2017-07-07 00:00:00,21425.82031,21350.7207,21354.66016,21414.33984,242240000,21414.33984,2017,7,0,0
2017-07-10 00:00:00,21446.39063,21371.10938,21381.23047,21408.51953,270340000,21408.51953,2017,7,0,0
2017-07-11 00:00:00,21441.61914,21279.30078,21410.16992,21409.07031,247570000,21409.07031,2017,7,0,0
2017-07-12 00:00:00,21580.78906,21467.92969,21467.92969,21532.14063,267870000,21532.14063,2017,7,0,0
2017-07-13 00:00:00,21568.7207,21512.35938,21537.18945,21553.08984,232270000,21553.08984,2017,7,0,0
2017-07-14 00:00:00,21681.5293,21521.7207,21532.76953,21637.74023,235590000,21637.74023,2017,7,0,0
2017-07-17 00:00:00,21661.81055,21617.66016,21633.9707,21629.7207,244780000,21629.7207,2017,7,0,0
2017-07-18 00:00:00,21589.93945,21471.14063,21589.93945,21574.73047,251110000,21574.73047,2017,7,0,0
2017-07-19 00:00:00,21640.75,21565.83984,21569.25,21640.75,253040000,21640.75,2017,7,0,0
2017-07-20 00:00:00,21661.91016,21576.96094,21641.53906,21611.7793,313950000,21611.7793,2017,7,0,0
2017-07-21 00:00:00,21592.60938,21503.7793,21591.7207,21580.07031,362830000,21580.07031,2017,7,0,0
2017-07-24 00:00:00,21577.7793,21496.13086,21577.7793,21513.16992,284080000,21513.16992,2017,7,0,0
2017-07-25 00:00:00,21670.61914,21577.36914,21638.56055,21613.42969,304300000,21613.42969,2017,7,0,0
2017-07-26 00:00:00,21742.69922,21683.28906,21690.38086,21711.00977,278240000,21711.00977,2017,7,0,0
2017-07-27 00:00:00,21798.4707,21687.84961,21717.41992,21796.55078,407320000,21796.55078,2017,7,0,0
2017-07-28 00:00:00,21841.17969,21756.11914,21787.50977,21830.31055,285630000,21830.31055,2017,7,0,0
2017-07-31 00:00:00,21929.80078,21861.71094,21863.39063,21891.11914,307610000,21891.11914,2017,7,0,1
2017-08-01 00:00:00,21990.96094,21940.81055,21961.41992,21963.91992,328410000,21963.91992,2017,8,1,0
2017-08-02 00:00:00,22036.09961,21967.46094,22004.35938,22016.24023,336820000,22016.24023,2017,8,0,0
2017-08-03 00:00:00,22044.84961,21991.32031,22007.58008,22026.09961,278730000,22026.09961,2017,8,0,0
2017-08-04 00:00:00,22092.81055,22024.64063,22058.39063,22092.81055,253640000,22092.81055,2017,8,0,0
2017-08-07 00:00:00,22121.15039,22081.9707,22100.19922,22118.41992,213010000,22118.41992,2017,8,0,0
2017-08-08 00:00:00,22179.10938,22057.28906,22095.14063,22085.33984,262000000,22085.33984,2017,8,0,0
2017-08-09 00:00:00,22057.18945,21996.68945,22022.33984,22048.69922,277800000,22048.69922,2017,8,0,0
2017-08-10 00:00:00,21988.19922,21843.93945,21988.19922,21844.00977,303310000,21844.00977,2017,8,0,0
2017-08-11 00:00:00,21911.08984,21842.74023,21883.32031,21858.32031,237790000,21858.32031,2017,8,0,0
2017-08-14 00:00:00,22019.23047,21945.64063,21945.64063,21993.71094,235030000,21993.71094,2017,8,0,0
2017-08-15 00:00:00,22038.91992,21971.48047,22029.91016,21998.99023,269070000,21998.99023,2017,8,0,0
2017-08-16 00:00:00,22085.71094,22002.4707,22031.92969,22024.86914,264920000,22024.86914,2017,8,0,0
2017-08-17 00:00:00,21984.74023,21750.32031,21984.74023,21750.73047,311030000,21750.73047,2017,8,0,0
2017-08-18 00:00:00,21793.34961,21641.63086,21724.88086,21674.50977,309070000,21674.50977,2017,8,0,0
2017-08-21 00:00:00,21718.74023,21600.33984,21671.35938,21703.75,277880000,21703.75,2017,8,0,0
2017-08-22 00:00:00,21912.83008,21738.13086,21739.7793,21899.89063,244980000,21899.89063,2017,8,0,0
2017-08-23 00:00:00,21866.66016,21808.39063,21850.26953,21812.08984,234810000,21812.08984,2017,8,0,0
2017-08-24 00:00:00,21870.10938,21765.82031,21839.90039,21783.40039,228480000,21783.40039,2017,8,0,0
2017-08-25 00:00:00,21906.85938,21812.81055,21819.08008,21813.66992,217570000,21813.66992,2017,8,0,0
2017-08-28 00:00:00,21861.49023,21767.93945,21832.5,21808.40039,218740000,21808.40039,2017,8,0,0
2017-08-29 00:00:00,21879.2207,21673.58008,21718,21865.36914,227340000,21865.36914,2017,8,0,0
2017-08-30 00:00:00,21914.25977,21839.4707,21859.75977,21892.42969,242840000,21892.42969,2017,8,0,0
2017-08-31 00:00:00,21985.75977,21910.5,21936.00977,21948.09961,376790000,21948.09961,2017,8,0,1
2017-09-01 00:00:00,22038.9707,21974.91016,21981.76953,21987.56055,256240000,21987.56055,2017,9,1,0
2017-09-05 00:00:00,21921.08984,21709.63086,21912.36914,21753.31055,332840000,21753.31055,2017,9,0,0
2017-09-06 00:00:00,21849.24023,21794.07031,21815.75977,21807.64063,318760000,21807.64063,2017,9,0,0
2017-09-07 00:00:00,21850.00977,21745.71094,21820.38086,21784.7793,333810000,21784.7793,2017,9,0,0
2017-09-08 00:00:00,21846.63086,21731.11914,21764.42969,21797.78906,289400000,21797.78906,2017,9,0,0
2017-09-11 00:00:00,22067.09961,21927.78906,21927.78906,22057.36914,312770000,22057.36914,2017,9,0,0
2017-09-12 00:00:00,22134.57031,22087.08984,22090.56055,22118.85938,364580000,22118.85938,2017,9,0,0
2017-09-13 00:00:00,22158.17969,22095.78906,22103.4707,22158.17969,291890000,22158.17969,2017,9,0,0
2017-09-14 00:00:00,22216.43945,22135.25977,22144.96094,22203.48047,297780000,22203.48047,2017,9,0,0
2017-09-15 00:00:00,22275.01953,22214.51953,22252.43945,22268.33984,527540000,22268.33984,2017,9,0,0
2017-09-18 00:00:00,22355.61914,22283.34961,22297.91992,22331.34961,302740000,22331.34961,2017,9,0,0
2017-09-19 00:00:00,22386.00977,22340.71094,22349.69922,22370.80078,295570000,22370.80078,2017,9,0,0
2017-09-20 00:00:00,22413.25977,22314.67969,22351.38086,22412.58984,334560000,22412.58984,2017,9,0,0
2017-09-21 00:00:00,22419.50977,22356.55078,22414.01953,22359.23047,287390000,22359.23047,2017,9,0,0
2017-09-22 00:00:00,22364.31055,22299.58008,22334.07031,22349.58984,297140000,22349.58984,2017,9,0,0
2017-09-25 00:00:00,22359.88086,22219.10938,22320.4707,22296.08984,332430000,22296.08984,2017,9,0,0
2017-09-26 00:00:00,22369.34961,22279.51953,22322.0293,22284.32031,285990000,22284.32031,2017,9,0,0
2017-09-27 00:00:00,22371.09961,22254.92969,22330.92969,22340.71094,342900000,22340.71094,2017,9,0,0
2017-09-28 00:00:00,22394.74023,22288.9707,22306.83008,22381.19922,263010000,22381.19922,2017,9,0,0
2017-09-29 00:00:00,22405.63086,22332.96094,22358.4707,22405.08984,274790000,22405.08984,2017,9,0,1
2017-10-02 00:00:00,22559.38086,22416,22423.4707,22557.59961,268530000,22557.59961,2017,10,1,0
2017-10-03 00:00:00,22646.32031,22562.90039,22564.44922,22641.66992,238830000,22641.66992,2017,10,0,0
2017-10-04 00:00:00,22685.93945,22632.80078,22645.66992,22661.64063,235730000,22661.64063,2017,10,0,0
2017-10-05 00:00:00,22777.03906,22655.14063,22669.08008,22775.39063,246400000,22775.39063,2017,10,0,0
2017-10-06 00:00:00,22773.66992,22730.84961,22762.0293,22773.66992,221450000,22773.66992,2017,10,0,0
2017-10-09 00:00:00,22803.36914,22739.38086,22779.73047,22761.07031,310770000,22761.07031,2017,10,0,0
2017-10-10 00:00:00,22850.50977,22770.99023,22784.75977,22830.67969,319270000,22830.67969,2017,10,0,0
2017-10-11 00:00:00,22872.89063,22821.66016,22827.65039,22872.89063,316000000,22872.89063,2017,10,0,0
2017-10-12 00:00:00,22884.82031,22821.13086,22854.84961,22841.00977,291790000,22841.00977,2017,10,0,0
2017-10-13 00:00:00,22905.33008,22855.92969,22876.42969,22871.7207,259560000,22871.7207,2017,10,0,0
2017-10-16 00:00:00,22960.11914,22887.11914,22892.91992,22956.96094,247180000,22956.96094,2017,10,0,0
2017-10-17 00:00:00,23002.19922,22948.23047,22952.41016,22997.43945,273090000,22997.43945,2017,10,0,0
2017-10-18 00:00:00,23172.92969,23086.75,23087.13086,23157.59961,271870000,23157.59961,2017,10,0,0
2017-10-19 00:00:00,23167.24023,23052.66992,23107.4707,23163.03906,350400000,23163.03906,2017,10,0,0
2017-10-20 00:00:00,23328.83984,23201.7793,23205.17969,23328.63086,474380000,23328.63086,2017,10,0,0
2017-10-23 00:00:00,23368.36914,23273.96094,23348.94922,23273.96094,456830000,23273.96094,2017,10,0,0
2017-10-24 00:00:00,23485.25,23343.23047,23346.7793,23441.75977,406850000,23441.75977,2017,10,0,0
2017-10-25 00:00:00,23451.50977,23251.10938,23431.08984,23329.46094,399560000,23329.46094,2017,10,0,0
2017-10-26 00:00:00,23459.83984,23380.89063,23380.89063,23400.85938,370600000,23400.85938,2017,10,0,0
2017-10-27 00:00:00,23449.40039,23353.16016,23419.16016,23434.18945,518870000,23434.18945,2017,10,0,0
2017-10-30 00:00:00,23428.75,23327.86914,23405.75,23348.74023,436900000,23348.74023,2017,10,0,0
2017-10-31 00:00:00,23406.34961,23334.39063,23369.2207,23377.24023,388050000,23377.24023,2017,10,0,1
2017-11-01 00:00:00,23517.71094,23388.91016,23442.90039,23435.00977,361260000,23435.00977,2017,11,1,0
2017-11-02 00:00:00,23531.38086,23350.98047,23463.24023,23516.25977,348040000,23516.25977,2017,11,0,0
2017-11-03 00:00:00,23557.06055,23481.57031,23549.58984,23539.18945,312250000,23539.18945,2017,11,0,0
2017-11-06 00:00:00,23574.85938,23520.75,23533.96094,23548.41992,325190000,23548.41992,2017,11,0,0
2017-11-07 00:00:00,23602.11914,23484.18945,23574.0293,23557.23047,285080000,23557.23047,2017,11,0,0
2017-11-08 00:00:00,23575,23510.56055,23542.59961,23563.35938,264670000,23563.35938,2017,11,0,0
2017-11-09 00:00:00,23516.74023,23310.01953,23492.08984,23461.93945,305440000,23461.93945,2017,11,0,0
2017-11-10 00:00:00,23452.19922,23392.96094,23432.71094,23422.21094,351280000,23422.21094,2017,11,0,0
2017-11-13 00:00:00,23461.67969,23343.33984,23367.4707,23439.69922,491260000,23439.69922,2017,11,0,0
2017-11-14 00:00:00,23414.08008,23271.57031,23388.40039,23409.4707,561330000,23409.4707,2017,11,0,0
2017-11-15 00:00:00,23344.99023,23242.75,23334.58984,23271.2793,404300000,23271.2793,2017,11,0,0
2017-11-16 00:00:00,23492.18945,23365.33984,23365.33984,23458.35938,402020000,23458.35938,2017,11,0,0
2017-11-17 00:00:00,23433.76953,23356.00977,23433.76953,23358.24023,386000000,23358.24023,2017,11,0,0
2017-11-20 00:00:00,23456.88086,23360.58008,23370.71094,23430.33008,315330000,23430.33008,2017,11,0,0
2017-11-21 00:00:00,23617.80078,23500.15039,23500.15039,23590.83008,329650000,23590.83008,2017,11,0,0
2017-11-22 00:00:00,23605.76953,23507.60938,23597.24023,23526.17969,268760000,23526.17969,2017,11,0,0
2017-11-24 00:00:00,23599.17969,23551.58984,23552.75,23557.99023,118610000,23557.99023,2017,11,0,0
2017-11-27 00:00:00,23638.91992,23545.01953,23552.85938,23580.7793,296320000,23580.7793,2017,11,0,0
2017-11-28 00:00:00,23849.60938,23617.10938,23625.18945,23836.71094,319240000,23836.71094,2017,11,0,0
2017-11-29 00:00:00,23959.75977,23872.58984,23883.25977,23940.67969,401410000,23940.67969,2017,11,0,0
2017-11-30 00:00:00,24327.82031,24013.80078,24013.80078,24272.34961,488200000,24272.34961,2017,11,0,1
2017-12-01 00:00:00,24322.06055,23921.90039,24305.40039,24231.58984,417910000,24231.58984,2017,12,1,0
2017-12-04 00:00:00,24534.03906,24288.18945,24424.10938,24290.05078,424250000,24290.05078,2017,12,0,0
2017-12-05 00:00:00,24349.74023,24155.2793,24335.00977,24180.64063,371190000,24180.64063,2017,12,0,0
2017-12-06 00:00:00,24229.34961,24134.49023,24171.90039,24140.91016,312720000,24140.91016,2017,12,0,0
2017-12-07 00:00:00,24262.88086,24101.24023,24116.59961,24211.48047,319060000,24211.48047,2017,12,0,0
2017-12-08 00:00:00,24330.11914,24225.5,24263.25977,24329.16016,293590000,24329.16016,2017,12,0,0
2017-12-11 00:00:00,24389.7207,24314.74023,24338.10938,24386.0293,300580000,24386.0293,2017,12,0,0
2017-12-12 00:00:00,24552.9707,24443.83008,24452.96094,24504.80078,342220000,24504.80078,2017,12,0,0
2017-12-13 00:00:00,24666.01953,24518.30078,24525.18945,24585.42969,325280000,24585.42969,2017,12,0,0
2017-12-14 00:00:00,24672.48047,24508.66016,24631.00977,24508.66016,314780000,24508.66016,2017,12,0,0
2017-12-15 00:00:00,24688.61914,24584.43945,24585.71094,24651.74023,635740000,24651.74023,2017,12,0,0
2017-12-18 00:00:00,24876.07031,24739.56055,24739.56055,24792.19922,354880000,24792.19922,2017,12,0,0
2017-12-19 00:00:00,24850.10938,24715.59961,24834.38086,24754.75,335330000,24754.75,2017,12,0,0
2017-12-20 00:00:00,24852.43945,24697.10938,24838.08984,24726.65039,341790000,24726.65039,2017,12,0,0
2017-12-21 00:00:00,24850.91016,24766.26953,24778.25977,24782.28906,339530000,24782.28906,2017,12,0,0
2017-12-22 00:00:00,24784.15039,24717.50977,24764.03906,24754.06055,255140000,24754.06055,2017,12,0,0
2017-12-26 00:00:00,24778.13086,24708.41992,24715.83984,24746.21094,208290000,24746.21094,2017,12,0,0
2017-12-27 00:00:00,24789.51953,24731.67969,24766.51953,24774.30078,225890000,24774.30078,2017,12,0,0
2017-12-28 00:00:00,24839.23047,24797.13086,24807.21094,24837.50977,200960000,24837.50977,2017,12,0,0
2017-12-29 00:00:00,24871.66016,24719.2207,24849.63086,24719.2207,270760000,24719.2207,2017,12,0,1
2018-01-02 00:00:00,24864.18945,24741.69922,24809.34961,24824.00977,341130000,24824.00977,2018,1,1,0
2018-01-03 00:00:00,24941.91992,24825.55078,24850.44922,24922.67969,456790000,24922.67969,2018,1,0,0
2018-01-04 00:00:00,25105.96094,24963.26953,24964.85938,25075.13086,403280000,25075.13086,2018,1,0,0
2018-01-05 00:00:00,25299.78906,25112.00977,25114.91992,25295.86914,358020000,25295.86914,2018,1,0,0
2018-01-08 00:00:00,25311.99023,25235.41016,25308.40039,25283,341390000,25283,2018,1,0,0
2018-01-09 00:00:00,25439.7793,25308.41016,25312.05078,25385.80078,333490000,25385.80078,2018,1,0,0
2018-01-10 00:00:00,25404.91992,25256.99023,25348.13086,25369.13086,341470000,25369.13086,2018,1,0,0
2018-01-11 00:00:00,25575.41992,25396.18945,25398.59961,25574.73047,346830000,25574.73047,2018,1,0,0
2018-01-12 00:00:00,25810.42969,25633.08008,25638.39063,25803.18945,376390000,25803.18945,2018,1,0,0
2018-01-16 00:00:00,26086.11914,25702.99023,25987.61914,25792.85938,606520000,25792.85938,2018,1,0,0
2018-01-17 00:00:00,26130.44922,25865.01953,25910.7793,26115.65039,522720000,26115.65039,2018,1,0,0
2018-01-18 00:00:00,26153.41992,25947.32031,26149.55078,26017.81055,492780000,26017.81055,2018,1,0,0
2018-01-19 00:00:00,26071.7207,25942.83008,25987.34961,26071.7207,585000000,26071.7207,2018,1,0,0
2018-01-22 00:00:00,26215.23047,25974.65039,26025.32031,26214.59961,431200000,26214.59961,2018,1,0,0
2018-01-23 00:00:00,26246.18945,26143.90039,26214.86914,26210.81055,433490000,26210.81055,2018,1,0,0
2018-01-24 00:00:00,26392.80078,26106.93945,26282.07031,26252.11914,518790000,26252.11914,2018,1,0,0
2018-01-25 00:00:00,26458.25,26259.7207,26313.06055,26392.78906,401390000,26392.78906,2018,1,0,0
2018-01-26 00:00:00,26616.71094,26425.34961,26466.74023,26616.71094,477780000,26616.71094,2018,1,0,0
2018-01-29 00:00:00,26608.90039,26435.33984,26584.2793,26439.48047,421000000,26439.48047,2018,1,0,0
2018-01-30 00:00:00,26256.99023,26028.41992,26198.44922,26076.89063,448330000,26076.89063,2018,1,0,0
2018-01-31 00:00:00,26338.0293,26050.98047,26268.16992,26149.39063,479130000,26149.39063,2018,1,0,1
2018-02-01 00:00:00,26306.69922,26014.43945,26083.03906,26186.71094,410620000,26186.71094,2018,2,0,0
2018-02-02 00:00:00,26061.78906,25490.66016,26061.78906,25520.96094,522880000,25520.96094,2018,2,0,0
2018-02-05 00:00:00,25520.5293,23923.88086,25337.86914,24345.75,714450000,24345.75,2018,2,0,0
2018-02-06 00:00:00,24946.23047,23778.74023,24085.16992,24912.76953,823940000,24912.76953,2018,2,0,0
2018-02-07 00:00:00,25293.96094,24785.43945,24892.86914,24893.34961,504620000,24893.34961,2018,2,0,0
2018-02-08 00:00:00,24903.67969,23849.23047,24902.30078,23860.46094,657500000,23860.46094,2018,2,0,0
2018-02-09 00:00:00,24382.14063,23360.28906,23992.66992,24190.90039,735030000,24190.90039,2018,2,0,0
2018-02-12 00:00:00,24765.16016,24290.48047,24337.75977,24601.26953,496610000,24601.26953,2018,2,0,0
2018-02-13 00:00:00,24705.7207,24421.0293,24540.33008,24640.44922,374410000,24640.44922,2018,2,0,0
2018-02-14 00:00:00,24925.94922,24490.35938,24535.82031,24893.49023,431160000,24893.49023,2018,2,0,0
2018-02-15 00:00:00,25203.94922,24809.41992,25047.82031,25200.36914,416780000,25200.36914,2018,2,0,0
2018-02-16 00:00:00,25432.41992,25149.25977,25165.93945,25219.38086,406730000,25219.38086,2018,2,0,0
2018-02-20 00:00:00,25179.00977,24884.18945,25124.91016,24964.75,421510000,24964.75,2018,2,0,0
2018-02-21 00:00:00,25267.99023,24792.99023,24988.06055,24797.7793,456070000,24797.7793,2018,2,0,0
2018-02-22 00:00:00,25156.7207,24854.83008,24855.41016,24962.48047,378900000,24962.48047,2018,2,0,0
2018-02-23 00:00:00,25313.91016,25028.73047,25050.50977,25309.99023,335420000,25309.99023,2018,2,0,0
2018-02-26 00:00:00,25732.80078,25398.56055,25403.34961,25709.26953,473360000,25709.26953,2018,2,0,0
2018-02-27 00:00:00,25800.34961,25407.83008,25735.7793,25410.0293,438390000,25410.0293,2018,2,0,0
2018-02-28 00:00:00,25576.15039,25022.41992,25485.15039,25029.19922,451870000,25029.19922,2018,2,0,0
2018-03-01 00:00:00,25185.34961,24442.56055,25024.03906,24608.98047,506280000,24608.98047,2018,3,1,0
2018-03-02 00:00:00,24592.46094,24217.75977,24394.91016,24538.06055,437130000,24538.06055,2018,3,0,0
2018-03-05 00:00:00,24961,24387.15039,24471.31055,24874.75977,383910000,24874.75977,2018,3,0,0
2018-03-06 00:00:00,24995.24023,24708.41016,24965.89063,24884.11914,331770000,24884.11914,2018,3,0,0
2018-03-07 00:00:00,24849.67969,24535.11914,24758.15039,24801.35938,394070000,24801.35938,2018,3,0,0
2018-03-08 00:00:00,24950.49023,24703.05078,24853.41016,24895.21094,327300000,24895.21094,2018,3,0,0
2018-03-09 00:00:00,25336.33008,25004.89063,25004.89063,25335.74023,371570000,25335.74023,2018,3,0,0
2018-03-12 00:00:00,25449.15039,25152.01953,25372.43945,25178.60938,362580000,25178.60938,2018,3,0,0
2018-03-13 00:00:00,25376.40039,24947.5,25257.75,25007.0293,447880000,25007.0293,2018,3,0,0
2018-03-14 00:00:00,25130.11914,24668.83008,25086.9707,24758.11914,356830000,24758.11914,2018,3,0,0
2018-03-15 00:00:00,25053.86914,24753.28906,24837.28906,24873.66016,316310000,24873.66016,2018,3,0,0
2018-03-16 00:00:00,25031,24857.08984,24877.33984,24946.50977,654240000,24946.50977,2018,3,0,0
2018-03-19 00:00:00,24893.68945,24453.14063,24893.68945,24610.91016,377990000,24610.91016,2018,3,0,0
2018-03-20 00:00:00,24803.60938,24650.64063,24650.64063,24727.26953,342510000,24727.26953,2018,3,0,0
2018-03-21 00:00:00,24977.65039,24655.40039,24723.49023,24682.31055,343230000,24682.31055,2018,3,0,0
2018-03-22 00:00:00,24526.00977,23938.74023,24526.00977,23957.89063,439280000,23957.89063,2018,3,0,0
2018-03-23 00:00:00,24108.4707,23509.06055,23995.17969,23533.19922,482550000,23533.19922,2018,3,0,0
2018-03-26 00:00:00,24232.30078,23741.2207,23825.74023,24202.59961,479540000,24202.59961,2018,3,0,0
2018-03-27 00:00:00,24446.2207,23708.73047,24276.61914,23857.71094,524480000,23857.71094,2018,3,0,0
2018-03-28 00:00:00,24092.4707,23728.66992,23883.08008,23848.41992,530040000,23848.41992,2018,3,0,0
2018-03-29 00:00:00,24314.30078,23928.13086,23949.17969,24103.10938,463550000,24103.10938,2018,3,0,1
2018-04-02 00:00:00,24123.80078,23344.51953,24076.59961,23644.18945,509820000,23644.18945,2018,4,1,0
2018-04-03 00:00:00,24044.34961,23664.33008,23698.33008,24033.35938,394130000,24033.35938,2018,4,0,0
2018-04-04 00:00:00,24308.96094,23523.16016,23654.15039,24264.30078,388540000,24264.30078,2018,4,0,0
2018-04-05 00:00:00,24622.25977,24313.91016,24313.91016,24505.2207,347790000,24505.2207,2018,4,0,0
2018-04-06 00:00:00,24434.40039,23738.19922,24373.59961,23932.75977,395990000,23932.75977,2018,4,0,0
2018-04-09 00:00:00,24373.17969,23954.83008,24037.51953,23979.09961,380790000,23979.09961,2018,4,0,0
2018-04-10 00:00:00,24511.34961,24198.94922,24198.94922,24408,368590000,24408,2018,4,0,0
2018-04-11 00:00:00,24366.57031,24150.86914,24274.18945,24189.44922,286360000,24189.44922,2018,4,0,0
2018-04-12 00:00:00,24592.11914,24302.82031,24302.82031,24483.05078,336130000,24483.05078,2018,4,0,0
2018-04-13 00:00:00,24646.44922,24243.74023,24582.82031,24360.14063,331890000,24360.14063,2018,4,0,0
2018-04-16 00:00:00,24675.35938,24480.19922,24483.15039,24573.03906,305070000,24573.03906,2018,4,0,0
2018-04-17 00:00:00,24858.9707,24681.78906,24681.78906,24786.63086,342410000,24786.63086,2018,4,0,0
2018-04-18 00:00:00,24832.53906,24721.08984,24820.84961,24748.07031,302030000,24748.07031,2018,4,0,0
2018-04-19 00:00:00,24762.48047,24557.0293,24711.30078,24664.89063,381110000,24664.89063,2018,4,0,0
2018-04-20 00:00:00,24678.07031,24375.03906,24657.39063,24462.93945,537770000,24462.93945,2018,4,0,0
2018-04-23 00:00:00,24536.89063,24328.53906,24488.07031,24448.68945,351030000,24448.68945,2018,4,0,0
2018-04-24 00:00:00,24579.93945,23828.73047,24579.93945,24024.13086,468180000,24024.13086,2018,4,0,0
2018-04-25 00:00:00,24146.33984,23823.08008,24070.19922,24083.83008,437100000,24083.83008,2018,4,0,0
2018-04-26 00:00:00,24402.46094,24128.7207,24128.7207,24322.33984,390360000,24322.33984,2018,4,0,0
2018-04-27 00:00:00,24359.38086,24194.44922,24342.14063,24311.18945,392810000,24311.18945,2018,4,0,0
2018-04-30 00:00:00,24498.23047,24163.08008,24410.41016,24163.15039,416650000,24163.15039,2018,4,0,1
2018-05-01 00:00:00,24117.28906,23808.18945,24117.28906,24099.05078,380070000,24099.05078,2018,5,0,0
2018-05-02 00:00:00,24185.51953,23886.30078,24097.63086,23924.98047,385350000,23924.98047,2018,5,0,0
2018-05-03 00:00:00,23996.15039,23531.31055,23836.23047,23930.15039,389240000,23930.15039,2018,5,0,0
2018-05-04 00:00:00,24333.34961,23778.86914,23865.2207,24262.50977,329480000,24262.50977,2018,5,0,0
2018-05-07 00:00:00,24479.44922,24263.41992,24317.66016,24357.32031,307670000,24357.32031,2018,5,0,0
2018-05-08 00:00:00,24412.33984,24198.33984,24341.34961,24360.21094,344940000,24360.21094,2018,5,0,0
2018-05-09 00:00:00,24586.48047,24323.86914,24399.17969,24542.53906,361580000,24542.53906,2018,5,0,0
2018-05-10 00:00:00,24794.99023,24575.91016,24591.66016,24739.5293,304210000,24739.5293,2018,5,0,0
2018-05-11 00:00:00,24868.65039,24717.5,24758.64063,24831.16992,274150000,24831.16992,2018,5,0,0
2018-05-14 00:00:00,24994.18945,24862.51953,24879.36914,24899.41016,282860000,24899.41016,2018,5,0,0
2018-05-15 00:00:00,24809.55078,24629.39063,24809.55078,24706.41016,301900000,24706.41016,2018,5,0,0
2018-05-16 00:00:00,24801.18945,24672.78906,24722.32031,24768.92969,280810000,24768.92969,2018,5,0,0
2018-05-17 00:00:00,24839.49023,24639.40039,24752.40039,24713.98047,314650000,24713.98047,2018,5,0,0
2018-05-18 00:00:00,24774.9707,24664.86914,24707.7207,24715.08984,269700000,24715.08984,2018,5,0,0
2018-05-21 00:00:00,25086.49023,24883.06055,24883.06055,25013.28906,308920000,25013.28906,2018,5,0,0
2018-05-22 00:00:00,25064.99023,24812.06055,25047.55078,24834.41016,288200000,24834.41016,2018,5,0,0
2018-05-23 00:00:00,24889.46094,24667.11914,24757.71094,24886.81055,399610000,24886.81055,2018,5,0,0
2018-05-24 00:00:00,24877.35938,24605.90039,24877.35938,24811.75977,347050000,24811.75977,2018,5,0,0
2018-05-25 00:00:00,24824.2207,24687.81055,24781.28906,24753.08984,257210000,24753.08984,2018,5,0,0
2018-05-29 00:00:00,24635.17969,24247.83984,24606.58984,24361.44922,395810000,24361.44922,2018,5,0,0
2018-05-30 00:00:00,24714.48047,24459.08984,24467.83008,24667.7793,324870000,24667.7793,2018,5,0,0
2018-05-31 00:00:00,24620.78906,24352.15039,24620.78906,24415.83984,429740000,24415.83984,2018,5,0,0
2018-06-01 00:00:00,24673.59961,24542.08984,24542.08984,24635.21094,315710000,24635.21094,2018,6,1,0
2018-06-04 00:00:00,24859.36914,24722.14063,24727.55078,24813.68945,340400000,24813.68945,2018,6,0,0
2018-06-05 00:00:00,24838.7793,24710.82031,24820.11914,24799.98047,306340000,24799.98047,2018,6,0,0
2018-06-06 00:00:00,25146.46094,24854.14063,24854.14063,25146.39063,316090000,25146.39063,2018,6,0,0
2018-06-07 00:00:00,25326.08984,25164.48047,25192.14063,25241.41016,357680000,25241.41016,2018,6,0,0
2018-06-08 00:00:00,25325.63086,25165.69922,25209.28906,25316.5293,317510000,25316.5293,2018,6,0,0
2018-06-11 00:00:00,25402.83008,25290.19922,25336.66992,25322.31055,276740000,25322.31055,2018,6,0,0
2018-06-12 00:00:00,25364.36914,25247.03906,25346.82031,25320.73047,265750000,25320.73047,2018,6,0,0
2018-06-13 00:00:00,25362.07031,25191.41992,25328.65039,25201.19922,329700000,25201.19922,2018,6,0,0
2018-06-14 00:00:00,25332.5,25138.59961,25254.65039,25175.31055,341170000,25175.31055,2018,6,0,0
2018-06-15 00:00:00,25130.82031,24894.38086,25116.71094,25090.48047,659370000,25090.48047,2018,6,0,0
2018-06-18 00:00:00,25003.09961,24825.76953,24944.2793,24987.4707,337070000,24987.4707,2018,6,0,0
2018-06-19 00:00:00,24763.58984,24567.75,24763.58984,24700.21094,376380000,24700.21094,2018,6,0,0
2018-06-20 00:00:00,24804.75977,24628.39063,24771.16992,24657.80078,359520000,24657.80078,2018,6,0,0
2018-06-21 00:00:00,24639.21094,24406.63086,24639.21094,24461.69922,349570000,24461.69922,2018,6,0,0
2018-06-22 00:00:00,24663.17969,24526.9707,24526.9707,24580.89063,473970000,24580.89063,2018,6,0,0
2018-06-25 00:00:00,24463.73047,24084.39063,24463.73047,24252.80078,439130000,24252.80078,2018,6,0,0
2018-06-26 00:00:00,24384.21094,24241.2207,24281.89063,24283.10938,301130000,24283.10938,2018,6,0,0
2018-06-27 00:00:00,24569.01953,24115.82031,24303.10938,24117.58984,313790000,24117.58984,2018,6,0,0
2018-06-28 00:00:00,24308.16016,23997.21094,24064.18945,24216.05078,305020000,24216.05078,2018,6,0,0
2018-06-29 00:00:00,24509.51953,24269.71094,24323.92969,24271.41016,329070000,24271.41016,2018,6,0,1
2018-07-02 00:00:00,24319.41992,24077.56055,24161.5293,24307.17969,244110000,24307.17969,2018,7,1,0
2018-07-03 00:00:00,24444.88086,24150.84961,24359.39063,24174.82031,160960000,24174.82031,2018,7,0,0
2018-07-05 00:00:00,24372.80078,24177.43945,24285.82031,24356.74023,237670000,24356.74023,2018,7,0,0
2018-07-06 00:00:00,24520.28906,24281.4707,24352.4707,24456.48047,219450000,24456.48047,2018,7,0,0
2018-07-09 00:00:00,24796.51953,24518.42969,24519.19922,24776.58984,240580000,24776.58984,2018,7,0,0
2018-07-10 00:00:00,24945.38086,24806.9707,24806.9707,24919.66016,235040000,24919.66016,2018,7,0,0
2018-07-11 00:00:00,24815.16016,24663.82031,24789.48047,24700.44922,237370000,24700.44922,2018,7,0,0
2018-07-12 00:00:00,24939.9707,24802.90039,24802.90039,24924.89063,233150000,24924.89063,2018,7,0,0
2018-07-13 00:00:00,25043.21094,24890.06055,24926.07031,25019.41016,255520000,25019.41016,2018,7,0,0
2018-07-16 00:00:00,25072.41016,24979.64063,25025.58008,25064.35938,231270000,25064.35938,2018,7,0,0
2018-07-17 00:00:00,25155.39063,24989.60938,25033.91992,25119.89063,250450000,25119.89063,2018,7,0,0
2018-07-18 00:00:00,25215.32031,25101.11914,25133.78906,25199.28906,252870000,25199.28906,2018,7,0,0
2018-07-19 00:00:00,25154.16992,25052.61914,25139.15039,25064.5,285760000,25064.5,2018,7,0,0
2018-07-20 00:00:00,25124.09961,24986.34961,25041.14063,25058.11914,274080000,25058.11914,2018,7,0,0
2018-07-23 00:00:00,25081.44922,24983.33008,25036.90039,25044.28906,228820000,25044.28906,2018,7,0,0
2018-07-24 00:00:00,25286.61914,25092.42969,25092.42969,25241.93945,274940000,25241.93945,2018,7,0,0
2018-07-25 00:00:00,25432.86914,25113.55078,25183.69922,25414.09961,273670000,25414.09961,2018,7,0,0
2018-07-26 00:00:00,25587.24023,25463.16016,25468.55078,25527.07031,297530000,25527.07031,2018,7,0,0
2018-07-27 00:00:00,25580.2207,25370.07031,25520.51953,25451.06055,329680000,25451.06055,2018,7,0,0
2018-07-30 00:00:00,25500.16016,25287.38086,25439.32031,25306.83008,296880000,25306.83008,2018,7,0,0
2018-07-31 00:00:00,25490.98047,25345.21094,25345.21094,25415.18945,348700000,25415.18945,2018,7,0,1
2018-08-01 00:00:00,25488.80078,25278.32031,25461.63086,25333.82031,315880000,25333.82031,2018,8,1,0
2018-08-02 00:00:00,25360.48047,25120.07031,25256.44922,25326.16016,307700000,25326.16016,2018,8,0,0
2018-08-03 00:00:00,25467.90039,25325.16992,25360.36914,25462.58008,239020000,25462.58008,2018,8,0,0
2018-08-06 00:00:00,25540.01953,25381.38086,25437.42969,25502.17969,238990000,25502.17969,2018,8,0,0
2018-08-07 00:00:00,25692.7207,25551.65039,25551.65039,25628.91016,239910000,25628.91016,2018,8,0,0
2018-08-08 00:00:00,25634.10938,25557.48047,25615.7207,25583.75,217770000,25583.75,2018,8,0,0
2018-08-09 00:00:00,25613.31055,25492.68945,25589.78906,25509.23047,214970000,25509.23047,2018,8,0,0
2018-08-10 00:00:00,25401.18945,25222.88086,25401.18945,25313.14063,234480000,25313.14063,2018,8,0,0
2018-08-13 00:00:00,25381.39063,25153.92969,25327.18945,25187.69922,219990000,25187.69922,2018,8,0,0
2018-08-14 00:00:00,25339.50977,25201.86914,25215.68945,25299.91992,219210000,25299.91992,2018,8,0,0
2018-08-15 00:00:00,25235.36914,24965.76953,25235.36914,25162.41016,295810000,25162.41016,2018,8,0,0
2018-08-16 00:00:00,25607.33984,25294.9707,25294.9707,25558.73047,342430000,25558.73047,2018,8,0,0
2018-08-17 00:00:00,25728.16016,25521.66016,25550.80078,25669.32031,284160000,25669.32031,2018,8,0,0
2018-08-20 00:00:00,25790.16992,25716.41016,25727.69922,25758.68945,248570000,25758.68945,2018,8,0,0
2018-08-21 00:00:00,25888.82031,25784.90039,25786.99023,25822.28906,241620000,25822.28906,2018,8,0,0
2018-08-22 00:00:00,25836.16016,25722.42969,25825.06055,25733.59961,200480000,25733.59961,2018,8,0,0
2018-08-23 00:00:00,25762.56055,25608.01953,25714.85938,25656.98047,213270000,25656.98047,2018,8,0,0
2018-08-24 00:00:00,25826.05078,25688.58008,25688.58008,25790.34961,200330000,25790.34961,2018,8,0,0
2018-08-27 00:00:00,26067.57031,25882.71094,25882.71094,26049.64063,220510000,26049.64063,2018,8,0,0
2018-08-28 00:00:00,26122.24023,26037.84961,26092.69922,26064.01953,211470000,26064.01953,2018,8,0,0
2018-08-29 00:00:00,26167.93945,26035.30078,26082.5293,26124.57031,214960000,26124.57031,2018,8,0,0
2018-08-30 00:00:00,26104.36914,25934.80078,26099.00977,25986.91992,240440000,25986.91992,2018,8,0,0
2018-08-31 00:00:00,26028.83008,25879.76953,25964.84961,25964.82031,273440000,25964.82031,2018,8,0,1
2018-09-04 00:00:00,25971.76953,25805.94922,25916.07031,25952.48047,254600000,25952.48047,2018,9,1,0
2018-09-05 00:00:00,26011.2207,25871.03906,25919.83984,25974.99023,289210000,25974.99023,2018,9,0,0
2018-09-06 00:00:00,26073.67969,25880.83984,25973.01953,25995.86914,262380000,25995.86914,2018,9,0,0
2018-09-07 00:00:00,26002.99023,25818.39063,25951.01953,25916.53906,281350000,25916.53906,2018,9,0,0
2018-09-10 00:00:00,26039.96094,25854.13086,25991.91016,25857.07031,252170000,25857.07031,2018,9,0,0
2018-09-11 00:00:00,26019.91992,25754.32031,25841.14063,25971.06055,265960000,25971.06055,2018,9,0,0
2018-09-12 00:00:00,26145.7207,25929.42969,25989.07031,25998.91992,282770000,25998.91992,2018,9,0,0
2018-09-13 00:00:00,26191.64063,26067.08008,26083.93945,26145.99023,260800000,26145.99023,2018,9,0,0
2018-09-14 00:00:00,26211.10938,26068.28906,26169.56055,26154.66992,228640000,26154.66992,2018,9,0,0
2018-09-17 00:00:00,26184.4707,26030.34961,26151.66016,26062.11914,230230000,26062.11914,2018,9,0,0
2018-09-18 00:00:00,26317.33984,26076.21094,26076.21094,26246.96094,243000000,26246.96094,2018,9,0,0
2018-09-19 00:00:00,26464.41016,26280.75977,26287.83984,26405.75977,251330000,26405.75977,2018,9,0,0
2018-09-20 00:00:00,26697.49023,26519.39063,26519.39063,26656.98047,260480000,26656.98047,2018,9,0,0
2018-09-21 00:00:00,26769.16016,26680.36914,26726.25,26743.5,657620000,26743.5,2018,9,0,0
2018-09-24 00:00:00,26709.93945,26548.67969,26705.25,26562.05078,254850000,26562.05078,2018,9,0,0
2018-09-25 00:00:00,26634.84961,26475.58008,26601.58008,26492.21094,234110000,26492.21094,2018,9,0,0
2018-09-26 00:00:00,26606.08984,26349.33984,26536.85938,26385.2793,262620000,26385.2793,2018,9,0,0
2018-09-27 00:00:00,26557.00977,26379.94922,26418.26953,26439.92969,226350000,26439.92969,2018,9,0,0
2018-09-28 00:00:00,26515.75977,26383.57031,26407.66016,26458.31055,264030000,26458.31055,2018,9,0,1
2018-10-01 00:00:00,26737.98047,26596.05078,26598.35938,26651.21094,238320000,26651.21094,2018,10,0,0
2018-10-02 00:00:00,26824.7793,26627.66016,26648.91016,26773.93945,258290000,26773.93945,2018,10,0,0
2018-10-03 00:00:00,26951.81055,26789.08008,26833.4707,26828.39063,280130000,26828.39063,2018,10,0,0
2018-10-04 00:00:00,26793.82031,26471.60938,26784.08008,26627.48047,289600000,26627.48047,2018,10,0,0
2018-10-05 00:00:00,26676.16016,26301.81055,26632.76953,26447.05078,267100000,26447.05078,2018,10,0,0
2018-10-08 00:00:00,26529.34961,26223.08984,26399.44922,26486.7793,273020000,26486.7793,2018,10,0,0
2018-10-09 00:00:00,26539.93945,26324.16016,26469.18945,26430.57031,282560000,26430.57031,2018,10,0,0
2018-10-10 00:00:00,26487.86914,25567.09961,26441.73047,25598.74023,438200000,25598.74023,2018,10,0,0
2018-10-11 00:00:00,25683.64063,24899.76953,25518.39063,25052.83008,522880000,25052.83008,2018,10,0,0
2018-10-12 00:00:00,25467.55078,25000.83008,25407.63086,25339.99023,397510000,25339.99023,2018,10,0,0
2018-10-15 00:00:00,25482.41992,25243.88086,25332.46094,25250.55078,287320000,25250.55078,2018,10,0,0
2018-10-16 00:00:00,25817.67969,25351.5293,25351.5293,25798.41992,305800000,25798.41992,2018,10,0,0
2018-10-17 00:00:00,25810.08984,25479.16016,25705.86914,25706.67969,298210000,25706.67969,2018,10,0,0
2018-10-18 00:00:00,25691.46094,25236.00977,25645.56055,25379.44922,328020000,25379.44922,2018,10,0,0
2018-10-19 00:00:00,25608.71094,25350.01953,25421.08984,25444.33984,350810000,25444.33984,2018,10,0,0
2018-10-22 00:00:00,25561.33984,25236.05078,25492.14063,25317.41016,314940000,25317.41016,2018,10,0,0
2018-10-23 00:00:00,25307.69922,24768.78906,25038.46094,25191.42969,436430000,25191.42969,2018,10,0,0
2018-10-24 00:00:00,25306.23047,24533.18945,25172.88086,24583.41992,496400000,24583.41992,2018,10,0,0
2018-10-25 00:00:00,25104.28906,24645.56055,24736.53906,24984.55078,439670000,24984.55078,2018,10,0,0
2018-10-26 00:00:00,24916.16016,24445.18945,24770.25,24688.31055,505310000,24688.31055,2018,10,0,0
2018-10-29 00:00:00,25040.58008,24122.23047,24818.98047,24442.91992,443850000,24442.91992,2018,10,0,0
2018-10-30 00:00:00,24906.67969,24415.68945,24482.03906,24874.64063,470050000,24874.64063,2018,10,0,0
2018-10-31 00:00:00,25336.55078,25008.82031,25008.82031,25115.75977,448930000,25115.75977,2018,10,0,0
2018-11-01 00:00:00,25396.4707,25108.10938,25142.08008,25380.74023,383970000,25380.74023,2018,11,1,0
2018-11-02 00:00:00,25578.98047,25078.7207,25443.59961,25270.83008,429480000,25270.83008,2018,11,0,0
2018-11-05 00:00:00,25507.34961,25261.4707,25261.4707,25461.69922,334740000,25461.69922,2018,11,0,0
2018-11-06 00:00:00,25651.85938,25444.90039,25452.83008,25635.00977,265450000,25635.00977,2018,11,0,0
2018-11-07 00:00:00,26200.14063,25765.88086,25788.46094,26180.30078,361780000,26180.30078,2018,11,0,0
2018-11-08 00:00:00,26277.82031,26081.90039,26139.58984,26191.2207,295650000,26191.2207,2018,11,0,0
2018-11-09 00:00:00,26161.49023,25882.91016,26149.10938,25989.30078,324450000,25989.30078,2018,11,0,0
2018-11-12 00:00:00,25966.71094,25340.50977,25959.33008,25387.17969,346910000,25387.17969,2018,11,0,0
2018-11-13 00:00:00,25511.0293,25193.7793,25321.21094,25286.49023,339690000,25286.49023,2018,11,0,0
2018-11-14 00:00:00,25501.28906,24935.82031,25388.08008,25080.5,384240000,25080.5,2018,11,0,0
2018-11-15 00:00:00,25354.56055,24787.78906,25061.48047,25289.26953,392750000,25289.26953,2018,11,0,0
2018-11-16 00:00:00,25510.23047,25147.80078,25242.34961,25413.2207,354460000,25413.2207,2018,11,0,0
2018-11-19 00:00:00,25392.60938,24900.98047,25392.60938,25017.43945,358090000,25017.43945,2018,11,0,0
2018-11-20 00:00:00,24707.25977,24368.98047,24618.67969,24465.64063,445920000,24465.64063,2018,11,0,0
2018-11-21 00:00:00,24669.78906,24463.2793,24541.65039,24464.68945,289370000,24464.68945,2018,11,0,0
2018-11-23 00:00:00,24408.80078,24268.74023,24336.40039,24285.94922,155940000,24285.94922,2018,11,0,0
2018-11-26 00:00:00,24673.28906,24364.13086,24364.13086,24640.24023,306280000,24640.24023,2018,11,0,0
2018-11-27 00:00:00,24750.73047,24416.0293,24557.01953,24748.73047,308250000,24748.73047,2018,11,0,0
2018-11-28 00:00:00,25368.92969,24832.83984,24832.83984,25366.42969,362160000,25366.42969,2018,11,0,0
2018-11-29 00:00:00,25479.03906,25202.78906,25343.65039,25338.83984,305110000,25338.83984,2018,11,0,0
2018-11-30 00:00:00,25549.71094,25250.9707,25307.14063,25538.46094,482250000,25538.46094,2018,11,0,1
2018-12-03 00:00:00,25980.21094,25670.50977,25779.57031,25826.42969,388480000,25826.42969,2018,12,0,0
2018-12-04 00:00:00,25773.11914,25008.10938,25752.56055,25027.07031,418900000,25027.07031,2018,12,0,0
2018-12-06 00:00:00,24951.00977,24242.2207,24737.41992,24947.66992,471690000,24947.66992,2018,12,0,0
2018-12-07 00:00:00,25095.61914,24284.7793,24918.82031,24388.94922,398230000,24388.94922,2018,12,0,0
2018-12-10 00:00:00,24500.81055,23881.36914,24360.94922,24423.25977,389690000,24423.25977,2018,12,0,0
2018-12-11 00:00:00,24791.25977,24221.06055,24719.91016,24370.24023,342960000,24370.24023,2018,12,0,0
2018-12-12 00:00:00,24828.28906,24509.08984,24509.08984,24527.26953,344330000,24527.26953,2018,12,0,0
2018-12-13 00:00:00,24740.96094,24473.28906,24575.85938,24597.38086,299970000,24597.38086,2018,12,0,0
2018-12-14 00:00:00,24431.14063,24033.78906,24408.03906,24100.50977,416940000,24100.50977,2018,12,0,0
2018-12-17 00:00:00,24088.08008,23456.88086,23986.83008,23592.98047,466740000,23592.98047,2018,12,0,0
2018-12-18 00:00:00,23927.76953,23516.01953,23769.13086,23675.64063,408070000,23675.64063,2018,12,0,0
2018-12-19 00:00:00,24057.33984,23162.64063,23693.33008,23323.66016,503550000,23323.66016,2018,12,0,0
2018-12-20 00:00:00,23282.19922,22644.31055,23224.11914,22859.59961,576700000,22859.59961,2018,12,0,0
2018-12-21 00:00:00,23254.58984,22396.33984,22871.74023,22445.36914,900510000,22445.36914,2018,12,0,0
2018-12-24 00:00:00,22339.86914,21792.19922,22317.2793,21792.19922,308420000,21792.19922,2018,12,0,0
2018-12-26 00:00:00,22878.91992,21712.5293,21857.73047,22878.44922,433080000,22878.44922,2018,12,0,0
2018-12-27 00:00:00,23138.89063,22267.41992,22629.06055,23138.82031,407940000,23138.82031,2018,12,0,0
2018-12-28 00:00:00,23381.88086,22981.33008,23213.60938,23062.40039,336510000,23062.40039,2018,12,0,0
2018-12-31 00:00:00,23333.17969,23118.30078,23153.93945,23327.46094,288830000,23327.46094,2018,12,0,0
2019-01-02 00:00:00,23413.4707,22928.58984,23058.60938,23346.24023,321570000,23346.24023,2019,1,1,0
2019-01-03 00:00:00,23176.39063,22638.41016,23176.39063,22686.2207,424240000,22686.2207,2019,1,0,0
2019-01-04 00:00:00,23518.64063,22894.91992,22894.91992,23433.16016,396020000,23433.16016,2019,1,0,0
2019-01-07 00:00:00,23687.74023,23301.58984,23474.25977,23531.34961,334200000,23531.34961,2019,1,0,0
2019-01-08 00:00:00,23864.65039,23581.44922,23680.32031,23787.44922,317420000,23787.44922,2019,1,0,0
2019-01-09 00:00:00,24084.71094,23703.16016,23844.26953,23879.11914,324570000,23879.11914,2019,1,0,0
2019-01-10 00:00:00,24014.7793,23703.25,23811.10938,24001.91992,338150000,24001.91992,2019,1,0,0
2019-01-11 00:00:00,23996.32031,23798.16016,23940.00977,23995.94922,262650000,23995.94922,2019,1,0,0
2019-01-14 00:00:00,23964.90039,23765.24023,23880.5293,23909.83984,277560000,23909.83984,2019,1,0,0
2019-01-15 00:00:00,24099.14063,23887.92969,23914.10938,24065.58984,291570000,24065.58984,2019,1,0,0
2019-01-16 00:00:00,24288.60938,24119.7207,24139.91016,24207.16016,302830000,24207.16016,2019,1,0,0
2019-01-17 00:00:00,24474.46094,24088.90039,24147.08984,24370.09961,288590000,24370.09961,2019,1,0,0
2019-01-18 00:00:00,24750.2207,24459.0293,24534.18945,24706.34961,372970000,24706.34961,2019,1,0,0
2019-01-22 00:00:00,24607.75977,24244.31055,24607.75977,24404.48047,338480000,24404.48047,2019,1,0,0
2019-01-23 00:00:00,24700.98047,24307.16992,24577.25,24575.61914,318600000,24575.61914,2019,1,0,0
2019-01-24 00:00:00,24626.30078,24422.73047,24579.96094,24553.24023,320170000,24553.24023,2019,1,0,0
2019-01-25 00:00:00,24860.15039,24676.75,24687.21094,24737.19922,376890000,24737.19922,2019,1,0,0
2019-01-28 00:00:00,24596.98047,24323.93945,24596.98047,24528.2207,347170000,24528.2207,2019,1,0,0
2019-01-29 00:00:00,24674.86914,24504.03906,24519.61914,24579.96094,330870000,24579.96094,2019,1,0,0
2019-01-30 00:00:00,25109.61914,24790.90039,24826.51953,25014.85938,397330000,25014.85938,2019,1,0,0
2019-01-31 00:00:00,25049.61914,24842.08984,24954.48047,24999.66992,507350000,24999.66992,2019,1,0,1
2019-02-01 00:00:00,25193.15039,24982.49023,25025.31055,25063.89063,372090000,25063.89063,2019,2,1,0
2019-02-04 00:00:00,25239.91016,24977.66992,25062.11914,25239.36914,298540000,25239.36914,2019,2,0,0
2019-02-05 00:00:00,25427.32031,25287.65039,25287.92969,25411.51953,310650000,25411.51953,2019,2,0,0
2019-02-06 00:00:00,25439.03906,25312.06055,25371.57031,25390.30078,247590000,25390.30078,2019,2,0,0
2019-02-07 00:00:00,25314.25977,25000.51953,25265.81055,25169.5293,295460000,25169.5293,2019,2,0,0
2019-02-08 00:00:00,25106.39063,24883.03906,25042.35938,25106.33008,248210000,25106.33008,2019,2,0,0
2019-02-11 00:00:00,25196.75,25009.09961,25142.81055,25053.10938,241700000,25053.10938,2019,2,0,0
2019-02-12 00:00:00,25458.98047,25152.0293,25152.0293,25425.75977,278110000,25425.75977,2019,2,0,0
2019-02-13 00:00:00,25625.94922,25480.85938,25480.85938,25543.26953,263330000,25543.26953,2019,2,0,0
2019-02-14 00:00:00,25558.90039,25308.08984,25460.65039,25439.39063,313010000,25439.39063,2019,2,0,0
2019-02-15 00:00:00,25883.7207,25564.63086,25564.63086,25883.25,328530000,25883.25,2019,2,0,0
2019-02-19 00:00:00,25961.43945,25820.00977,25849.84961,25891.32031,280620000,25891.32031,2019,2,0,0
2019-02-20 00:00:00,25986.19922,25846.48047,25872.25977,25954.43945,287880000,25954.43945,2019,2,0,0
2019-02-21 00:00:00,25938.88086,25762.21094,25922.41016,25850.63086,255710000,25850.63086,2019,2,0,0
2019-02-22 00:00:00,26052.90039,25906.26953,25906.26953,26031.81055,279760000,26031.81055,2019,2,0,0
2019-02-25 00:00:00,26241.41992,26080.66016,26126.15039,26091.94922,281600000,26091.94922,2019,2,0,0
2019-02-26 00:00:00,26155.28906,25966.00977,26051.60938,26057.98047,257850000,26057.98047,2019,2,0,0
2019-02-27 00:00:00,26039.67969,25877.24023,25995.59961,25985.16016,255380000,25985.16016,2019,2,0,0
2019-02-28 00:00:00,26029.21094,25896.56055,25984.2793,25916,338520000,25916,2019,2,0,1
2019-03-01 00:00:00,26143.91992,25914.36914,26019.66992,26026.32031,289890000,26026.32031,2019,3,1,0
2019-03-04 00:00:00,26155.98047,25611.55078,26122.18945,25819.65039,295510000,25819.65039,2019,3,0,0
2019-03-05 00:00:00,25877.15039,25725.63086,25829.07031,25806.63086,252260000,25806.63086,2019,3,0,0
2019-03-06 00:00:00,25837.60938,25633.71094,25818.75977,25673.46094,256250000,25673.46094,2019,3,0,0
2019-03-07 00:00:00,25645.44922,25352.55078,25645.44922,25473.23047,289140000,25473.23047,2019,3,0,0
2019-03-08 00:00:00,25466.14063,25252.46094,25347.38086,25450.24023,270500000,25450.24023,2019,3,0,0
2019-03-11 00:00:00,25661.63086,25208,25208,25650.88086,309790000,25650.88086,2019,3,0,0
2019-03-12 00:00:00,25675.43945,25522.16992,25600.30078,25554.66016,317730000,25554.66016,2019,3,0,0
2019-03-13 00:00:00,25776.49023,25571.31055,25637.23047,25702.89063,331410000,25702.89063,2019,3,0,0
2019-03-14 00:00:00,25752.83984,25621.31055,25692.31055,25709.93945,302790000,25709.93945,2019,3,0,0
2019-03-15 00:00:00,25927.91016,25649.69922,25720.96094,25848.86914,616910000,25848.86914,2019,3,0,0
2019-03-18 00:00:00,25924.76953,25785.66016,25801.88086,25914.09961,399530000,25914.09961,2019,3,0,0
2019-03-19 00:00:00,26109.67969,25814.91992,25987.86914,25887.38086,342250000,25887.38086,2019,3,0,0
2019-03-20 00:00:00,25929.51953,25670.63086,25867.78906,25745.66992,321980000,25745.66992,2019,3,0,0
2019-03-21 00:00:00,26009.90039,25657.7793,25688.43945,25962.50977,335250000,25962.50977,2019,3,0,0
2019-03-22 00:00:00,25877.00977,25501.44922,25844.65039,25502.32031,386510000,25502.32031,2019,3,0,0
2019-03-25 00:00:00,25603.26953,25372.25977,25490.7207,25516.83008,303120000,25516.83008,2019,3,0,0
2019-03-26 00:00:00,25796.28906,25544.7793,25649.56055,25657.73047,305110000,25657.73047,2019,3,0,0
2019-03-27 00:00:00,25758.16992,25425.26953,25676.33984,25625.58984,270340000,25625.58984,2019,3,0,0
2019-03-28 00:00:00,25743.41016,25576.68945,25693.32031,25717.46094,237170000,25717.46094,2019,3,0,0
2019-03-29 00:00:00,25949.32031,25771.66992,25827.31055,25928.67969,300620000,25928.67969,2019,3,0,1
2019-04-01 00:00:00,26280.90039,26071.68945,26075.09961,26258.41992,295570000,26258.41992,2019,4,1,0
2019-04-02 00:00:00,26221.24023,26122.31055,26213.55078,26179.13086,250940000,26179.13086,2019,4,0,0
2019-04-03 00:00:00,26282.16992,26138.4707,26238.0293,26218.13086,271980000,26218.13086,2019,4,0,0
2019-04-04 00:00:00,26398.90039,26212.7793,26213.41992,26384.63086,233040000,26384.63086,2019,4,0,0
2019-04-05 00:00:00,26487.57031,26370.82031,26427.56055,26424.99023,229550000,26424.99023,2019,4,0,0
2019-04-08 00:00:00,26344.65039,26246.0293,26312.66992,26341.01953,229380000,26341.01953,2019,4,0,0
2019-04-09 00:00:00,26246.33984,26103.14063,26243.53906,26150.58008,244410000,26150.58008,2019,4,0,0
2019-04-10 00:00:00,26209.49023,26101.24023,26173.71094,26157.16016,203130000,26157.16016,2019,4,0,0
2019-04-11 00:00:00,26229.88086,26062.58984,26188.21094,26143.05078,211680000,26143.05078,2019,4,0,0
2019-04-12 00:00:00,26436.67969,26309.7207,26357.78906,26412.30078,369910000,26412.30078,2019,4,0,0
2019-04-15 00:00:00,26424.84961,26316.41992,26407.75977,26384.76953,250620000,26384.76953,2019,4,0,0
2019-04-16 00:00:00,26530.71094,26397.18945,26482.18945,26452.66016,302340000,26452.66016,2019,4,0,0
2019-04-17 00:00:00,26501.01953,26391.85938,26468.5293,26449.53906,367780000,26449.53906,2019,4,0,0
2019-04-18 00:00:00,26602.41992,26444.5293,26463.36914,26559.53906,332850000,26559.53906,2019,4,0,0
2019-04-22 00:00:00,26553.05078,26458.60938,26510.76953,26511.05078,232570000,26511.05078,2019,4,0,0
2019-04-23 00:00:00,26695.96094,26503.56055,26513.83008,26656.39063,311690000,26656.39063,2019,4,0,0
2019-04-24 00:00:00,26680.58008,26582.85938,26652.56055,26597.05078,283370000,26597.05078,2019,4,0,0
2019-04-25 00:00:00,26536.48047,26310.2793,26426.36914,26462.08008,296730000,26462.08008,2019,4,0,0
2019-04-26 00:00:00,26543.56055,26392.55078,26454.61914,26543.33008,317290000,26543.33008,2019,4,0,0
2019-04-29 00:00:00,26602.53906,26520.75,26559.86914,26554.39063,279450000,26554.39063,2019,4,0,0
2019-04-30 00:00:00,26614.03906,26419.4707,26594.56055,26592.91016,340320000,26592.91016,2019,4,0,1
2019-05-01 00:00:00,26689.39063,26426.38086,26639.06055,26430.14063,303850000,26430.14063,2019,5,0,0
2019-05-02 00:00:00,26454.68945,26180.35938,26407.15039,26307.78906,287610000,26307.78906,2019,5,0,0
2019-05-03 00:00:00,26534.96094,26370.08984,26379.14063,26504.94922,248900000,26504.94922,2019,5,0,0
2019-05-06 00:00:00,26476.26953,26033.94922,26160.61914,26438.48047,283020000,26438.48047,2019,5,0,0
2019-05-07 00:00:00,26276.90039,25789.71094,26276.90039,25965.08984,334960000,25965.08984,2019,5,0,0
2019-05-08 00:00:00,26118.09961,25889.41016,25933.78906,25967.33008,276420000,25967.33008,2019,5,0,0
2019-05-09 00:00:00,25884.89063,25517.39063,25878.84961,25828.35938,334760000,25828.35938,2019,5,0,0
2019-05-10 00:00:00,26019.32031,25469.85938,25763.7207,25942.36914,294580000,25942.36914,2019,5,0,0
2019-05-13 00:00:00,25568.06055,25222.50977,25568.06055,25324.99023,361240000,25324.99023,2019,5,0,0
2019-05-14 00:00:00,25688.96094,25384.0293,25384.0293,25532.05078,291570000,25532.05078,2019,5,0,0
2019-05-15 00:00:00,25724.89063,25341.93945,25400.13086,25648.01953,270720000,25648.01953,2019,5,0,0
2019-05-16 00:00:00,25957.63086,25692.14063,25692.14063,25862.67969,320960000,25862.67969,2019,5,0,0
2019-05-17 00:00:00,25948.74023,25657.7793,25719.94922,25764,283760000,25764,2019,5,0,0
2019-05-20 00:00:00,25751.71094,25560.55078,25655.31055,25679.90039,279560000,25679.90039,2019,5,0,0
2019-05-21 00:00:00,25898.26953,25779.60938,25782.33984,25877.33008,260870000,25877.33008,2019,5,0,0
2019-05-22 00:00:00,25878.21094,25755.10938,25818.46094,25776.60938,241760000,25776.60938,2019,5,0,0
2019-05-23 00:00:00,25657.99023,25328.08984,25657.99023,25490.4707,316940000,25490.4707,2019,5,0,0
2019-05-24 00:00:00,25670.81055,25496.19922,25551.07031,25585.68945,201370000,25585.68945,2019,5,0,0
2019-05-28 00:00:00,25717.63086,25342.2793,25616.55078,25347.76953,358980000,25347.76953,2019,5,0,0
2019-05-29 00:00:00,25231.46094,24938.24023,25231.46094,25126.41016,298930000,25126.41016,2019,5,0,0
2019-05-30 00:00:00,25218.53906,25066.75,25139.93945,25169.88086,215240000,25169.88086,2019,5,0,0
2019-05-31 00:00:00,25046.31055,24809.50977,25046.31055,24815.03906,292230000,24815.03906,2019,5,0,0
2019-06-03 00:00:00,24935.21094,24680.57031,24830.16016,24819.7793,328240000,24819.7793,2019,6,1,0
2019-06-04 00:00:00,25343.76953,24962.82031,24962.82031,25332.17969,281690000,25332.17969,2019,6,0,0
2019-06-05 00:00:00,25544.66016,25373.58008,25451,25539.57031,262660000,25539.57031,2019,6,0,0
2019-06-06 00:00:00,25800.30078,25518.05078,25567.44922,25720.66016,248070000,25720.66016,2019,6,0,0
2019-06-07 00:00:00,26072.75,25768.7207,25768.7207,25983.93945,263010000,25983.93945,2019,6,0,0
2019-06-10 00:00:00,26210.60938,26054.31055,26090.2207,26062.67969,249280000,26062.67969,2019,6,0,0
2019-06-11 00:00:00,26248.66992,25998.86914,26180.58984,26048.50977,253490000,26048.50977,2019,6,0,0
2019-06-12 00:00:00,26082.09961,25958.66016,26040.30078,26004.83008,223690000,26004.83008,2019,6,0,0
2019-06-13 00:00:00,26146.91016,25995.71094,26036.93945,26106.76953,213400000,26106.76953,2019,6,0,0
2019-06-14 00:00:00,26162.2793,25988.08984,26076.35938,26089.60938,208020000,26089.60938,2019,6,0,0
2019-06-17 00:00:00,26165.7793,26049.80078,26108.5293,26112.5293,199500000,26112.5293,2019,6,0,0
2019-06-18 00:00:00,26527.18945,26227.75977,26228.88086,26465.53906,273490000,26465.53906,2019,6,0,0
2019-06-19 00:00:00,26569.75,26415.05078,26490.16016,26504,240950000,26504,2019,6,0,0
2019-06-20 00:00:00,26798.63086,26539.68945,26665.38086,26753.16992,278170000,26753.16992,2019,6,0,0
2019-06-21 00:00:00,26907.36914,26705.86914,26749.11914,26719.13086,485560000,26719.13086,2019,6,0,0
2019-06-24 00:00:00,26806.51953,26723.36914,26727.60938,26727.53906,232390000,26727.53906,2019,6,0,0
2019-06-25 00:00:00,26752.31055,26527.66016,26731.60938,26548.2207,282160000,26548.2207,2019,6,0,0
2019-06-26 00:00:00,26660.03906,26536.33008,26599.41992,26536.82031,274340000,26536.82031,2019,6,0,0
2019-06-27 00:00:00,26607.24023,26465.32031,26523.7207,26526.58008,246930000,26526.58008,2019,6,0,0
2019-06-28 00:00:00,26638.34961,26522.26953,26605.92969,26599.96094,499350000,26599.96094,2019,6,0,1
2019-07-01 00:00:00,26890.64063,26616.21094,26805.85938,26717.42969,267670000,26717.42969,2019,7,1,1
